0.51,158,19,20,21,33,12,6,7,2,1,93,68,52,42,54,130,78,86,106,167,157,148,160,208,116,64,115,66,75,73,168,169,49,50,38,40,91,136,184,137,183,191,192,193,151,146,58,99,123,124,122,59,153,140,132,177,141,117,118,119,120,121,80,51,44,37,89,88,139,134,207,209,82,83,84,128,85,127,81,129,95,126,163,92,100,110,111,113,156,162,164,165,114,199,32,8,9,24,34,53,98,125,57,61,63,103,144,90,56,94,97,101,108,109,143,154,155,105,204,205,31,29,55,60,62,138,186,185,197,198,206,170,171,173,196,200,201,87,149,112,179,180,174,190,202,48,45,41,43,181,39,18,15,10,36,17,5,102,131,135,178,182,187,189,195,46,47,30,23,25,96,104,166,69,74,152,79,70,107,145,150,65,67,133,172,176,203,188,194,28,26,16,11,161,35,27,14,13,4,3,71,76,72,77,142,175,147,159,22
0.52,159,19,20,21,33,12,6,7,2,1,94,69,52,42,55,131,79,87,107,168,158,149,161,208,117,65,116,67,76,74,169,170,49,50,38,40,92,137,185,138,184,192,193,194,152,147,59,100,124,125,123,60,154,141,133,178,142,118,119,120,121,122,81,51,44,37,90,89,140,135,207,209,83,84,85,129,86,128,82,130,96,127,164,93,101,111,112,114,157,163,165,166,115,200,32,8,9,24,34,54,99,126,58,62,64,104,145,91,57,95,98,102,109,110,144,155,156,106,205,206,31,29,56,61,63,139,187,186,198,199,53,171,172,174,197,201,202,88,150,113,180,181,175,191,203,48,45,41,43,182,39,18,15,10,36,17,5,103,132,136,179,183,188,190,196,46,47,30,23,25,97,105,167,70,75,153,80,71,108,146,151,66,68,134,173,177,204,189,195,28,26,16,11,162,35,27,14,13,4,3,72,77,73,78,143,176,148,160,22
0.53,159,19,20,21,33,12,6,7,2,1,94,69,52,42,55,131,79,87,107,168,158,149,161,208,117,65,116,67,76,74,169,170,49,50,38,40,92,137,185,138,184,192,193,194,152,147,59,100,124,125,123,60,154,141,133,178,142,118,119,120,121,122,81,51,44,37,90,89,140,135,207,209,83,84,85,129,86,128,82,130,96,127,164,93,101,111,112,114,157,163,165,166,115,200,32,8,9,24,34,54,99,126,58,62,64,104,145,91,57,95,98,102,109,110,144,155,156,106,205,206,31,29,56,61,63,139,187,186,198,199,53,171,172,174,197,201,202,88,150,113,180,181,175,191,203,48,45,41,43,182,39,18,15,10,36,17,5,103,132,136,179,183,188,190,196,46,47,30,23,25,97,105,167,70,75,153,80,71,108,146,151,66,68,134,173,177,204,189,195,28,26,16,11,162,35,27,14,13,4,3,72,77,73,78,143,176,148,160,22
0.54,159,19,20,21,33,12,6,7,2,1,94,69,52,42,55,131,79,87,107,168,158,149,161,208,117,65,116,67,76,74,169,170,49,50,38,40,92,137,185,138,184,192,193,194,152,147,59,100,124,125,123,60,154,141,133,178,142,118,119,120,121,122,81,51,44,37,90,89,140,135,207,209,83,84,85,129,86,128,82,130,96,127,164,93,101,111,112,114,157,163,165,166,115,200,32,8,9,24,34,54,99,126,58,62,64,104,145,91,57,95,98,102,109,110,144,155,156,106,205,206,31,29,56,61,63,139,187,186,198,199,53,171,172,174,197,201,202,88,150,113,180,181,175,191,203,48,45,41,43,182,39,18,15,10,36,17,5,103,132,136,179,183,188,190,196,46,47,30,23,25,97,105,167,70,75,153,80,71,108,146,151,66,68,134,173,177,204,189,195,28,26,16,11,162,35,27,14,13,4,3,72,77,73,78,143,176,148,160,22
0.55,160,19,20,21,33,12,6,7,2,1,95,70,51,41,56,132,80,88,108,169,159,150,162,208,118,66,117,68,77,75,170,171,48,49,38,39,93,138,186,139,185,193,194,195,153,148,60,101,125,126,124,61,155,142,134,179,143,119,120,121,122,123,82,50,43,37,91,90,141,136,207,209,84,85,86,130,87,129,83,131,97,128,165,94,102,112,113,115,158,164,166,167,116,201,32,8,9,24,34,55,100,127,59,63,65,105,146,92,58,96,99,103,110,111,145,156,157,107,206,54,31,29,57,62,64,140,188,187,199,200,52,172,173,175,198,202,203,89,151,114,181,182,176,192,204,47,44,40,42,183,53,18,15,10,36,17,5,104,133,137,180,184,189,191,197,45,46,30,23,25,98,106,168,71,76,154,81,72,109,147,152,67,69,135,174,178,205,190,196,28,26,16,11,163,35,27,14,13,4,3,73,78,74,79,144,177,149,161,22
0.56,161,19,20,21,33,12,6,7,2,1,96,71,49,41,57,133,81,89,109,170,160,151,163,208,119,67,118,69,78,76,171,172,54,55,38,39,94,139,187,140,186,194,195,196,154,149,61,102,126,127,125,62,156,143,135,180,144,120,121,122,123,124,83,48,43,37,92,91,142,137,207,209,85,86,87,131,88,130,84,132,98,129,166,95,103,113,114,116,159,165,167,168,117,202,32,8,9,24,34,56,101,128,60,64,66,106,147,93,59,97,100,104,111,112,146,157,158,108,53,52,31,29,58,63,65,141,189,188,200,201,50,173,174,176,199,203,204,90,152,115,182,183,177,193,205,47,44,40,42,184,51,18,15,10,36,17,5,105,134,138,181,185,190,192,198,45,46,30,23,25,99,107,169,72,77,155,82,73,110,148,153,68,70,136,175,179,206,191,197,28,26,16,11,164,35,27,14,13,4,3,74,79,75,80,145,178,150,162,22
0.57,162,19,20,21,33,12,6,7,2,1,97,72,49,41,58,134,82,90,110,171,161,152,164,209,120,68,119,70,79,77,172,173,54,55,38,39,95,140,188,141,187,195,196,197,155,150,62,103,127,128,126,63,157,144,136,181,145,121,122,123,124,125,84,48,43,37,93,92,143,138,208,56,86,87,88,132,89,131,85,133,99,130,167,96,104,114,115,117,160,166,168,169,118,203,32,8,9,24,34,57,102,129,61,65,67,107,148,94,60,98,101,105,112,113,147,158,159,109,53,52,31,29,59,64,66,142,190,189,201,202,50,174,175,177,200,204,205,91,153,116,183,184,178,194,206,47,44,40,42,185,51,18,15,10,36,17,5,106,135,139,182,186,191,193,199,45,46,30,23,25,100,108,170,73,78,156,83,74,111,149,154,69,71,137,176,180,207,192,198,28,26,16,11,165,35,27,14,13,4,3,75,80,76,81,146,179,151,163,22
0.58,163,19,20,21,33,12,6,7,2,1,98,73,57,41,59,135,83,91,111,172,162,153,165,209,121,69,120,71,80,78,173,174,54,55,38,39,96,141,189,142,188,196,197,198,156,151,63,104,128,129,127,64,158,145,137,182,146,122,123,124,125,126,85,48,43,37,94,93,144,139,208,56,87,88,89,133,90,132,86,134,100,131,168,97,105,115,116,118,161,167,169,170,119,204,32,8,9,24,34,58,103,130,62,66,68,108,149,95,61,99,102,106,113,114,148,159,160,110,52,51,31,29,60,65,67,143,191,190,202,203,49,175,176,178,201,205,206,92,154,117,184,185,179,195,207,47,44,40,42,186,50,18,15,10,36,17,5,107,136,140,183,187,192,194,200,45,46,30,23,25,101,109,171,74,79,157,84,75,112,150,155,70,72,138,177,181,53,193,199,28,26,16,11,166,35,27,14,13,4,3,76,81,77,82,147,180,152,164,22
0.59,165,19,20,21,49,12,6,7,2,1,100,75,59,38,61,137,85,93,113,174,164,155,167,209,123,71,122,73,82,80,47,48,56,57,35,36,98,143,189,144,188,196,197,198,158,153,65,106,130,131,129,66,160,147,139,182,148,124,125,126,127,128,87,45,40,34,96,95,146,141,208,58,89,90,91,135,92,134,88,136,102,133,170,99,107,117,118,120,163,169,171,172,121,204,31,8,9,24,50,60,105,132,64,68,70,110,151,97,63,101,104,108,115,116,150,161,162,112,54,53,46,29,62,67,69,145,191,190,202,203,51,175,176,178,201,205,206,94,156,119,184,185,179,195,207,44,41,37,39,186,52,18,15,10,33,17,5,109,138,142,183,187,192,194,200,42,43,30,23,25,103,111,173,76,81,159,86,77,114,152,157,72,74,140,177,181,55,193,199,28,26,16,11,168,32,27,14,13,4,3,78,83,79,84,149,180,154,166,22
0.60,166,19,20,21,49,12,6,7,2,1,101,76,60,37,62,138,86,94,114,175,165,156,168,209,124,72,123,74,83,81,47,48,57,58,34,35,99,144,190,145,189,197,198,199,159,154,66,107,131,132,130,67,161,148,140,183,149,125,126,127,128,129,88,44,39,33,97,96,147,142,208,59,90,91,92,136,93,135,89,137,103,134,171,100,108,118,119,121,164,170,172,173,122,205,30,8,9,24,50,61,106,133,65,69,71,111,152,98,64,102,105,109,116,117,151,162,163,113,54,53,46,45,63,68,70,146,192,191,203,204,51,176,177,179,202,206,207,95,157,120,185,186,180,196,56,43,40,36,38,187,52,18,15,10,32,17,5,110,139,143,184,188,193,195,201,41,42,29,23,25,104,112,174,77,82,160,87,78,115,153,158,73,75,141,178,182,55,194,200,28,26,16,11,169,31,27,14,13,4,3,79,84,80,85,150,181,155,167,22
0.61,170,19,20,21,47,12,6,7,2,1,105,80,64,37,66,142,90,98,118,179,169,160,172,63,128,76,127,78,87,85,45,46,60,61,34,35,103,148,194,149,193,201,202,203,163,158,70,111,135,136,134,71,165,152,144,187,153,129,130,131,132,133,92,42,39,33,101,100,151,146,209,62,94,95,96,140,97,139,93,141,107,138,175,104,112,122,123,125,168,174,176,177,126,57,30,8,9,24,48,65,110,137,69,73,75,115,156,102,68,106,109,113,120,121,155,166,167,117,52,51,44,43,67,72,74,150,196,195,207,208,49,180,181,183,206,55,56,99,161,124,189,190,184,200,54,41,40,36,38,191,50,18,15,10,32,17,5,114,143,147,188,192,197,199,205,58,59,29,23,25,108,116,178,81,86,164,91,82,119,157,162,77,79,145,182,186,53,198,204,28,26,16,11,173,31,27,14,13,4,3,83,88,84,89,154,185,159,171,22
0.62,176,19,20,21,47,12,6,7,2,1,111,86,70,37,72,148,96,104,124,185,175,166,178,68,134,82,133,84,93,91,45,46,65,66,34,35,109,154,200,155,199,207,208,209,169,164,76,117,141,142,140,77,171,158,150,193,159,135,136,137,138,139,98,42,39,33,107,106,157,152,69,67,100,101,102,146,103,145,99,147,113,144,181,110,118,128,129,131,174,180,182,183,132,57,30,8,9,24,48,71,116,143,75,79,81,121,162,108,74,112,115,119,126,127,161,172,173,123,52,51,44,43,73,78,80,156,202,201,58,59,49,186,187,189,60,55,56,105,167,130,195,196,190,206,54,41,40,36,38,197,50,18,15,10,32,17,5,120,149,153,194,198,203,205,61,63,64,29,23,25,114,122,184,87,92,170,97,88,125,163,168,83,85,151,188,192,53,204,62,28,26,16,11,179,31,27,14,13,4,3,89,94,90,95,160,191,165,177,22
0.63,180,19,20,21,47,12,6,7,2,1,115,90,74,37,76,152,100,108,128,189,179,170,182,72,138,86,137,88,97,95,45,46,69,70,34,35,113,158,204,159,203,65,63,64,173,168,80,121,145,146,144,81,175,162,154,197,163,139,140,141,142,143,102,42,39,33,111,110,161,156,73,71,104,105,106,150,107,149,103,151,117,148,185,114,122,132,133,135,178,184,186,187,136,57,30,8,9,24,48,75,120,147,79,83,85,125,166,112,78,116,119,123,130,131,165,176,177,127,52,51,44,43,77,82,84,160,206,205,58,59,49,190,191,193,60,55,56,109,171,134,199,200,194,66,54,41,40,36,38,201,50,18,15,10,32,17,5,124,153,157,198,202,207,209,61,67,68,29,23,25,118,126,188,91,96,174,101,92,129,167,172,87,89,155,192,196,53,208,62,28,26,16,11,183,31,27,14,13,4,3,93,98,94,99,164,195,169,181,22
0.64,181,19,20,21,47,12,6,7,2,1,116,91,75,36,77,153,101,109,129,46,180,171,183,73,139,87,138,89,98,96,44,45,70,71,33,34,114,159,204,160,203,66,64,65,174,169,81,122,146,147,145,82,176,163,155,197,164,140,141,142,143,144,103,41,38,32,112,111,162,157,74,72,105,106,107,151,108,150,104,152,118,149,186,115,123,133,134,136,179,185,187,188,137,58,30,8,9,24,48,76,121,148,80,84,86,126,167,113,79,117,120,124,131,132,166,177,178,128,52,51,43,42,78,83,85,161,206,205,59,60,49,190,191,193,61,56,57,110,172,135,199,200,194,67,55,40,39,35,37,201,50,18,15,10,31,17,5,125,154,158,198,202,207,209,62,68,69,29,23,25,119,127,189,92,97,175,102,93,130,168,173,88,90,156,192,196,53,208,63,28,26,16,11,184,54,27,14,13,4,3,94,99,95,100,165,195,170,182,22
0.65,182,19,20,21,45,12,6,7,2,1,117,92,76,34,78,154,102,110,130,44,181,172,184,74,140,88,139,90,99,97,42,43,70,71,32,67,115,160,205,161,204,64,62,63,175,170,82,123,147,148,146,83,177,164,156,198,165,141,142,143,144,145,104,38,36,31,113,112,163,158,75,72,106,107,108,152,109,151,105,153,119,150,187,116,124,134,135,137,180,186,188,189,138,56,29,8,9,24,46,77,122,149,81,85,87,127,168,114,80,118,121,125,132,133,167,178,179,129,50,49,40,39,79,84,86,162,207,206,57,58,47,191,192,194,59,54,55,111,173,136,200,201,195,65,53,73,37,33,35,202,48,18,15,10,30,17,5,126,155,159,199,203,208,66,60,68,69,28,23,25,120,128,190,93,98,176,103,94,131,169,174,89,91,157,193,197,51,209,61,27,41,16,11,185,52,26,14,13,4,3,95,100,96,101,166,196,171,183,22
0.66,185,19,20,21,46,12,6,7,2,1,120,95,79,33,81,157,105,113,133,45,184,175,187,77,143,91,142,93,102,100,43,44,73,74,69,70,118,163,206,164,205,65,63,64,178,173,85,126,150,151,149,86,180,167,159,199,168,144,145,146,147,148,107,37,35,31,116,115,166,161,78,75,109,110,111,155,112,154,108,156,122,153,190,119,127,137,138,140,183,189,38,39,141,57,29,8,9,24,47,80,125,152,84,88,90,130,171,117,83,121,124,128,135,136,170,181,182,132,51,50,41,40,82,87,89,165,208,207,58,59,48,192,193,195,60,55,56,114,176,139,201,202,196,66,54,76,36,32,34,203,49,18,15,10,30,17,5,129,158,162,200,204,209,67,61,71,72,28,23,25,123,131,191,96,101,179,106,97,134,172,177,92,94,160,194,198,52,68,62,27,42,16,11,188,53,26,14,13,4,3,98,103,99,104,169,197,174,186,22
0.67,185,19,20,21,45,12,6,7,2,1,120,95,79,32,81,157,105,113,133,44,184,175,187,77,143,91,142,93,102,100,42,43,73,74,69,70,118,163,206,164,205,64,62,63,178,173,85,126,150,151,149,86,180,167,159,199,168,144,145,146,147,148,107,36,34,30,116,115,166,161,78,75,109,110,111,155,112,154,108,156,122,153,190,119,127,137,138,140,183,189,37,38,141,56,29,8,9,24,46,80,125,152,84,88,90,130,171,117,83,121,124,128,135,136,170,181,182,132,50,49,40,39,82,87,89,165,208,207,57,58,47,192,193,195,59,54,55,114,176,139,201,202,196,65,53,76,35,31,33,203,48,18,15,10,68,17,5,129,158,162,200,204,209,66,60,71,72,28,23,25,123,131,191,96,101,179,106,97,134,172,177,92,94,160,194,198,51,67,61,27,41,16,11,188,52,26,14,13,4,3,98,103,99,104,169,197,174,186,22
0.68,185,19,20,21,44,12,6,7,2,1,120,95,79,32,81,157,105,113,133,43,184,175,187,77,143,91,142,93,102,100,41,42,73,74,68,69,118,163,206,164,205,63,61,62,178,173,85,126,150,151,149,86,180,167,159,199,168,144,145,146,147,148,107,35,34,30,116,115,166,161,78,75,109,110,111,155,112,154,108,156,122,153,190,119,127,137,138,140,183,189,36,37,141,55,29,8,9,24,45,80,125,152,84,88,90,130,171,117,83,121,124,128,135,136,170,181,182,132,49,48,39,38,82,87,89,165,208,207,56,57,46,192,193,195,58,53,54,114,176,139,201,202,196,64,52,76,72,31,33,203,47,18,15,10,67,17,5,129,158,162,200,204,209,65,59,70,71,28,23,25,123,131,191,96,101,179,106,97,134,172,177,92,94,160,194,198,50,66,60,27,40,16,11,188,51,26,14,13,4,3,98,103,99,104,169,197,174,186,22
0.69,186,19,20,21,42,12,6,7,2,1,121,96,80,72,82,158,106,114,134,41,185,176,188,78,144,92,143,94,103,101,39,40,74,75,67,68,119,164,207,165,206,61,59,60,179,174,86,127,151,152,150,87,181,168,160,200,169,145,146,147,148,149,108,33,32,30,117,116,167,162,79,76,110,111,112,156,113,155,109,157,123,154,191,120,128,138,139,141,184,190,34,35,142,53,29,8,9,24,43,81,126,153,85,89,91,131,172,118,84,122,125,129,136,137,171,182,183,133,47,46,37,36,83,88,90,166,209,208,54,55,44,193,194,196,56,51,52,115,177,140,202,203,197,62,50,77,73,71,31,204,45,18,15,10,65,17,5,130,159,163,201,205,66,63,57,69,70,28,23,25,124,132,192,97,102,180,107,98,135,173,178,93,95,161,195,199,48,64,58,27,38,16,11,189,49,26,14,13,4,3,99,104,100,105,170,198,175,187,22
0.70,189,19,20,21,42,12,6,7,2,1,124,99,83,75,85,161,109,117,137,41,188,179,191,81,147,95,146,97,106,104,39,40,77,78,70,71,122,167,69,168,209,61,59,60,182,177,89,130,154,155,153,90,184,171,163,203,172,148,149,150,151,152,111,33,32,30,120,119,170,165,82,79,113,114,115,159,116,158,112,160,126,157,194,123,131,141,142,144,187,193,34,35,145,53,29,8,9,24,43,84,129,156,88,92,94,134,175,121,87,125,128,132,139,140,174,185,186,136,47,46,37,36,86,91,93,169,67,68,54,55,44,196,197,199,56,51,52,118,180,143,205,206,200,62,50,80,76,74,31,207,45,18,15,10,65,17,5,133,162,166,204,208,66,63,57,72,73,28,23,25,127,135,195,100,105,183,110,101,138,176,181,96,98,164,198,202,48,64,58,27,38,16,11,192,49,26,14,13,4,3,102,107,103,108,173,201,178,190,22
0.71,190,19,20,21,42,12,6,7,2,1,125,100,84,76,86,162,110,118,138,41,189,180,192,82,148,96,147,98,107,105,39,40,78,79,71,72,123,168,69,169,70,61,59,60,183,178,90,131,155,156,154,91,185,172,164,204,173,149,150,151,152,153,112,33,32,30,121,120,171,166,83,80,114,115,116,160,117,159,113,161,127,158,195,124,132,142,143,145,188,194,34,35,146,53,29,8,9,24,43,85,130,157,89,93,95,135,176,122,88,126,129,133,140,141,175,186,187,137,47,46,37,36,87,92,94,170,67,68,54,55,44,197,198,200,56,51,52,119,181,144,206,207,201,62,50,81,77,75,31,208,45,18,15,10,65,17,5,134,163,167,205,209,66,63,57,73,74,28,23,25,128,136,196,101,106,184,111,102,139,177,182,97,99,165,199,203,48,64,58,27,38,16,11,193,49,26,14,13,4,3,103,108,104,109,174,202,179,191,22
0.72,34,19,20,21,44,12,6,7,2,1,129,104,88,80,90,166,114,122,142,43,193,184,194,86,152,100,151,102,111,109,41,42,82,83,73,76,127,172,71,173,72,63,61,62,187,182,94,135,159,160,158,95,189,176,168,206,177,153,154,155,156,157,116,33,32,30,125,124,175,170,87,84,118,119,120,164,121,163,117,165,131,162,197,128,136,146,147,149,192,196,36,37,150,55,29,8,9,24,45,89,134,161,93,97,99,139,180,126,92,130,133,137,144,145,179,190,191,141,49,48,39,38,91,96,98,174,69,70,56,57,46,199,200,202,58,53,54,123,185,148,208,209,203,64,52,85,81,79,31,75,47,18,15,10,67,17,5,138,167,171,207,74,68,65,59,77,78,28,23,25,132,140,198,105,110,188,115,106,143,181,186,101,103,169,201,205,50,66,60,27,40,16,11,195,51,26,14,13,4,3,107,112,108,113,178,204,183,35,22
0.73,33,19,20,21,43,12,6,7,2,1,129,104,88,80,90,166,114,122,142,42,193,184,194,86,152,100,151,102,111,109,40,41,82,83,73,76,127,172,71,173,72,63,61,62,187,182,94,135,159,160,158,95,189,176,168,206,177,153,154,155,156,157,116,32,31,29,125,124,175,170,87,84,118,119,120,164,121,163,117,165,131,162,197,128,136,146,147,149,192,196,35,36,150,55,28,8,9,24,44,89,134,161,93,97,99,139,180,126,92,130,133,137,144,145,179,190,191,141,48,47,38,37,91,96,98,174,69,70,56,57,45,199,200,202,58,53,54,123,185,148,208,209,203,64,52,85,81,79,30,75,46,18,15,10,67,17,5,138,167,171,207,74,68,65,59,77,78,27,23,25,132,140,198,105,110,188,115,106,143,181,186,101,103,169,201,205,50,66,60,26,39,16,11,195,51,49,14,13,4,3,107,112,108,113,178,204,183,34,22
0.74,32,19,20,21,42,12,6,7,2,1,132,107,91,82,93,169,117,125,145,41,196,187,197,88,155,103,154,105,114,112,39,40,84,85,72,78,130,175,70,176,71,62,60,61,190,185,97,138,162,163,161,98,192,179,171,209,180,156,157,158,159,160,119,31,30,29,128,127,178,173,90,86,121,122,123,167,124,166,120,168,134,165,200,131,139,149,150,152,195,199,34,35,153,54,28,8,9,24,43,92,137,164,96,100,102,142,183,129,95,133,136,140,147,148,182,193,194,144,47,46,37,36,94,99,101,177,68,69,55,56,44,202,203,205,57,52,53,126,188,151,75,76,206,63,51,87,83,81,89,74,45,18,15,10,66,17,5,141,170,174,77,73,67,64,58,79,80,27,23,25,135,143,201,108,113,191,118,109,146,184,189,104,106,172,204,208,49,65,59,26,38,16,11,198,50,48,14,13,4,3,110,115,111,116,181,207,186,33,22
0.75,31,19,20,21,42,12,6,7,2,1,136,111,95,86,97,173,121,129,149,41,199,191,200,92,159,107,158,109,118,116,39,40,88,89,73,79,134,179,71,180,72,62,60,61,194,189,101,142,166,167,165,102,196,183,175,80,184,160,161,162,163,164,123,30,29,28,132,131,182,177,94,90,125,126,127,171,128,170,124,172,138,169,203,135,143,153,154,156,33,202,34,35,157,54,27,8,9,24,43,96,141,168,100,104,106,146,187,133,99,137,140,144,151,152,186,197,198,148,47,46,37,36,98,103,105,181,69,70,55,56,44,205,206,208,57,52,53,130,192,155,76,77,209,63,51,91,87,85,93,75,45,18,15,10,67,17,5,145,174,178,78,74,68,64,58,83,84,66,23,25,139,147,204,112,117,195,122,113,150,188,193,108,110,176,207,81,49,65,59,26,38,16,11,201,50,48,14,13,4,3,114,119,115,120,185,82,190,32,22
0.76,31,19,20,21,42,12,6,7,2,1,138,113,97,88,99,175,123,131,151,41,201,193,202,94,161,109,160,111,120,118,39,40,90,91,73,79,136,181,71,182,72,62,60,61,196,191,103,144,168,169,167,104,198,185,177,80,186,162,163,164,165,166,125,30,29,28,134,133,184,179,96,92,127,128,129,173,130,172,126,174,140,171,205,137,145,155,156,158,33,204,34,35,159,54,27,8,9,24,43,98,143,170,102,106,108,148,189,135,101,139,142,146,153,154,188,199,200,150,47,46,37,36,100,105,107,183,69,70,55,56,44,207,208,84,57,52,53,132,194,157,76,77,83,63,51,93,89,87,95,75,45,18,15,10,67,17,5,147,176,180,78,74,68,64,58,85,86,66,23,25,141,149,206,114,119,197,124,115,152,190,195,110,112,178,209,81,49,65,59,26,38,16,11,203,50,48,14,13,4,3,116,121,117,122,187,82,192,32,22
0.77,31,19,20,21,43,12,6,7,2,1,141,116,100,91,102,178,126,134,154,42,204,196,205,97,164,112,163,114,123,121,40,41,93,94,74,80,139,184,72,185,73,63,61,62,199,194,106,147,171,172,170,107,201,188,180,81,189,165,166,167,168,169,128,30,29,28,137,136,187,182,99,95,130,131,132,176,133,175,129,177,143,174,37,140,148,158,159,161,33,207,34,35,162,55,27,8,9,24,44,101,146,173,105,109,111,151,192,138,104,142,145,149,156,157,191,202,203,153,48,47,38,36,103,108,110,186,70,71,56,57,45,209,87,85,58,53,54,135,197,160,77,78,84,64,52,96,92,90,98,76,46,18,15,10,68,17,5,150,179,183,79,75,69,65,59,88,89,67,23,25,144,152,208,117,122,200,127,118,155,193,198,113,115,181,86,82,50,66,60,26,39,16,11,206,51,49,14,13,4,3,119,124,120,125,190,83,195,32,22
0.78,30,19,20,21,43,12,6,7,2,1,141,116,100,91,102,178,126,134,154,42,204,196,205,97,164,112,163,114,123,121,40,41,93,94,74,80,139,184,72,185,73,63,61,62,199,194,106,147,171,172,170,107,201,188,180,81,189,165,166,167,168,169,128,29,28,27,137,136,187,182,99,95,130,131,132,176,133,175,129,177,143,174,36,140,148,158,159,161,32,207,33,34,162,55,26,8,9,39,44,101,146,173,105,109,111,151,192,138,104,142,145,149,156,157,191,202,203,153,48,47,37,35,103,108,110,186,70,71,56,57,45,209,87,85,58,53,54,135,197,160,77,78,84,64,52,96,92,90,98,76,46,18,15,10,68,17,5,150,179,183,79,75,69,65,59,88,89,67,23,24,144,152,208,117,122,200,127,118,155,193,198,113,115,181,86,82,50,66,60,25,38,16,11,206,51,49,14,13,4,3,119,124,120,125,190,83,195,31,22
0.79,26,35,36,37,43,12,6,7,2,1,142,117,101,92,103,179,127,135,155,42,205,197,206,98,165,113,164,115,124,122,40,41,94,95,74,80,140,185,72,186,73,63,61,62,200,195,107,148,172,173,171,108,202,189,181,81,190,166,167,168,169,170,129,25,24,23,138,137,188,183,100,96,131,132,133,177,134,176,130,178,144,175,32,141,149,159,160,162,28,208,29,30,163,55,22,8,9,39,44,102,147,174,106,110,112,152,193,139,105,143,146,150,157,158,192,203,204,154,48,47,33,31,104,109,111,187,70,71,56,57,45,88,87,85,58,53,54,136,198,161,77,78,84,64,52,97,93,91,99,76,46,18,15,10,68,17,5,151,180,184,79,75,69,65,59,89,90,67,19,20,145,153,209,118,123,201,128,119,156,194,199,114,116,182,86,82,50,66,60,21,34,16,11,207,51,49,14,13,4,3,120,125,121,126,191,83,196,27,38
0.80,25,34,35,36,42,12,6,7,2,1,143,118,102,93,104,180,128,136,156,41,206,198,207,99,166,114,165,116,125,123,39,40,95,96,74,80,141,186,72,187,73,63,61,62,201,196,108,149,173,174,172,109,203,190,182,81,191,167,168,169,170,171,130,24,23,22,139,138,189,184,101,97,132,133,134,178,135,177,131,179,145,176,31,142,150,160,161,163,27,209,28,29,164,55,89,8,9,38,43,103,148,175,107,111,113,153,194,140,106,144,147,151,158,159,193,204,205,155,47,46,32,30,105,110,112,188,70,71,56,57,44,88,87,85,58,53,54,137,199,162,77,78,84,64,52,98,94,92,100,76,45,18,15,10,68,17,5,152,181,185,79,75,69,65,59,90,91,67,19,20,146,154,49,119,124,202,129,120,157,195,200,115,117,183,86,82,50,66,60,21,33,16,11,208,51,48,14,13,4,3,121,126,122,127,192,83,197,26,37
0.81,25,34,35,36,42,12,6,7,2,1,143,118,102,93,104,180,128,136,156,41,206,198,207,99,166,114,165,116,125,123,39,40,95,96,74,80,141,186,72,187,73,63,61,62,201,196,108,149,173,174,172,109,203,190,182,81,191,167,168,169,170,171,130,24,23,22,139,138,189,184,101,97,132,133,134,178,135,177,131,179,145,176,31,142,150,160,161,163,27,209,28,29,164,55,89,8,9,38,43,103,148,175,107,111,113,153,194,140,106,144,147,151,158,159,193,204,205,155,47,46,32,30,105,110,112,188,70,71,56,57,44,88,87,85,58,53,54,137,199,162,77,78,84,64,52,98,94,92,100,76,45,18,15,10,68,17,5,152,181,185,79,75,69,65,59,90,91,67,19,20,146,154,49,119,124,202,129,120,157,195,200,115,117,183,86,82,50,66,60,21,33,16,11,208,51,48,14,13,4,3,121,126,122,127,192,83,197,26,37
0.82,24,33,34,35,43,12,6,7,2,1,144,119,103,94,105,181,129,137,157,42,207,199,208,100,167,115,166,117,126,124,39,40,96,97,75,81,142,187,73,188,74,64,62,63,202,197,109,150,174,175,173,110,204,191,183,82,192,168,169,170,171,172,131,23,22,21,140,139,190,185,102,98,133,134,135,179,136,178,132,180,146,177,30,143,151,161,162,164,26,37,27,28,165,56,90,8,9,38,44,104,149,176,108,112,114,154,195,141,107,145,148,152,159,160,194,205,206,156,48,47,31,29,106,111,113,189,71,72,57,58,45,89,88,86,59,54,55,138,200,163,78,79,85,65,53,99,95,93,101,77,46,18,15,10,69,17,5,153,182,186,80,76,70,66,60,91,92,68,41,19,147,155,50,120,125,203,130,121,158,196,201,116,118,184,87,83,51,67,61,20,32,16,11,209,52,49,14,13,4,3,122,127,123,128,193,84,198,25,36
0.83,24,33,34,35,44,12,6,7,2,1,145,120,104,95,106,182,130,138,158,43,208,200,209,101,168,116,167,118,127,125,40,41,97,98,76,82,143,188,74,189,75,65,63,64,203,198,110,151,175,176,174,111,205,192,184,83,193,169,170,171,172,173,132,23,22,21,141,140,191,186,103,99,134,135,136,180,137,179,133,181,147,178,30,144,152,162,163,165,26,37,27,28,166,57,91,8,9,38,45,105,150,177,109,113,115,155,196,142,108,146,149,153,160,161,195,206,207,157,49,48,31,29,107,112,114,190,72,73,58,59,46,90,89,87,60,55,56,139,201,164,79,80,86,66,54,100,96,94,102,78,47,18,15,10,70,17,5,154,183,187,81,77,71,67,61,92,93,69,42,19,148,156,51,121,126,204,131,122,159,197,202,117,119,185,88,84,52,68,62,20,32,16,11,39,53,50,14,13,4,3,123,128,124,129,194,85,199,25,36
0.84,24,33,34,35,45,12,6,7,2,1,146,121,105,96,107,183,131,139,159,44,209,201,40,102,169,117,168,119,128,126,41,42,98,99,77,83,144,189,75,190,76,66,64,65,204,199,111,152,176,177,175,112,206,193,185,84,194,170,171,172,173,174,133,23,22,21,142,141,192,187,104,100,135,136,137,181,138,180,134,182,148,179,30,145,153,163,164,166,26,37,27,28,167,58,92,8,9,38,46,106,151,178,110,114,116,156,197,143,109,147,150,154,161,162,196,207,208,158,50,49,31,29,108,113,115,191,73,74,59,60,47,91,90,88,61,56,57,140,202,165,80,81,87,67,55,101,97,95,103,79,48,18,15,10,71,17,5,155,184,188,82,78,72,68,62,93,94,70,43,19,149,157,52,122,127,205,132,123,160,198,203,118,120,186,89,85,53,69,63,20,32,16,11,39,54,51,14,13,4,3,124,129,125,130,195,86,200,25,36
0.85,23,32,33,34,44,12,6,7,2,1,146,121,104,95,107,183,131,139,159,43,209,201,39,101,169,117,168,119,128,126,40,41,97,98,76,82,144,189,74,190,75,65,63,64,204,199,111,152,176,177,175,112,206,193,185,83,194,170,171,172,173,174,133,105,22,21,142,141,192,187,103,99,135,136,137,181,138,180,134,182,148,179,29,145,153,163,164,166,25,36,26,27,167,57,91,8,9,37,45,106,151,178,110,114,116,156,197,143,109,147,150,154,161,162,196,207,208,158,49,48,30,28,108,113,115,191,72,73,58,59,46,90,89,87,60,55,56,140,202,165,79,80,86,66,54,100,96,94,102,78,47,18,15,10,70,17,5,155,184,188,81,77,71,67,61,92,93,69,42,19,149,157,51,122,127,205,132,123,160,198,203,118,120,186,88,84,52,68,62,20,31,16,11,38,53,50,14,13,4,3,124,129,125,130,195,85,200,24,35
0.86,23,35,36,37,47,12,6,7,2,1,149,124,107,98,110,186,134,142,162,46,209,204,42,104,172,120,171,122,131,129,43,44,100,101,79,85,147,192,77,193,78,68,66,67,207,202,114,155,179,180,178,115,28,196,188,86,197,173,174,175,176,177,136,108,22,21,145,144,195,190,106,102,138,139,140,184,141,183,137,185,151,182,32,148,156,166,167,169,25,39,29,30,170,60,94,8,9,40,48,109,154,181,113,117,119,159,200,146,112,150,153,157,164,165,199,27,26,161,52,51,33,31,111,116,118,194,75,76,61,62,49,93,92,90,63,58,59,143,205,168,82,83,89,69,57,103,99,97,105,81,50,18,15,10,73,17,5,158,187,191,84,80,74,70,64,95,96,72,45,19,152,160,54,125,130,208,135,126,163,201,206,121,123,189,91,87,55,71,65,20,34,16,11,41,56,53,14,13,4,3,127,132,128,133,198,88,203,24,38
0.87,23,35,36,37,48,12,6,7,2,1,150,125,108,99,111,187,135,143,163,47,45,205,42,105,173,121,172,123,132,130,43,44,101,102,80,86,148,193,78,194,79,69,67,68,208,203,115,156,180,181,179,116,28,197,189,87,198,174,175,176,177,178,137,109,22,21,146,145,196,191,107,103,139,140,141,185,142,184,138,186,152,183,32,149,157,167,168,170,25,39,29,30,171,61,95,8,9,40,49,110,155,182,114,118,120,160,201,147,113,151,154,158,165,166,200,27,26,162,53,52,33,31,112,117,119,195,76,77,62,63,50,94,93,91,64,59,60,144,206,169,83,84,90,70,58,104,100,98,106,82,51,18,15,10,74,17,5,159,188,192,85,81,75,71,65,96,97,73,46,19,153,161,55,126,131,209,136,127,164,202,207,122,124,190,92,88,56,72,66,20,34,16,11,41,57,54,14,13,4,3,128,133,129,134,199,89,204,24,38
0.88,23,37,38,39,50,12,6,7,2,1,152,127,110,101,113,189,137,145,165,49,47,207,44,107,175,123,174,125,134,132,45,46,103,104,82,88,150,195,80,196,81,71,69,70,30,205,117,158,182,183,181,118,28,199,191,89,200,176,177,178,179,180,139,111,22,21,148,147,198,193,109,105,141,142,143,187,144,186,140,188,154,185,34,151,159,169,170,172,25,41,31,32,173,63,97,8,9,42,51,112,157,184,116,120,122,162,203,149,115,153,156,160,167,168,202,27,26,164,55,54,35,33,114,119,121,197,78,79,64,65,52,96,95,93,66,61,62,146,208,171,85,86,92,72,60,106,102,100,108,84,53,18,15,10,76,17,5,161,190,194,87,83,77,73,67,98,99,75,48,19,155,163,57,128,133,29,138,129,166,204,209,124,126,192,94,90,58,74,68,20,36,16,11,43,59,56,14,13,4,3,130,135,131,136,201,91,206,24,40
0.89,21,38,39,40,51,12,6,7,2,1,154,129,111,102,115,191,139,147,167,50,48,209,45,108,177,125,176,127,136,134,46,47,104,105,83,89,152,197,81,198,82,72,70,71,28,207,119,160,184,185,183,120,26,201,193,90,202,178,179,180,181,182,141,113,112,20,150,149,200,195,110,106,143,144,145,189,146,188,142,190,156,187,34,153,161,171,172,174,23,42,31,32,175,64,98,8,9,43,52,114,159,186,118,122,124,164,205,151,117,155,158,162,169,170,204,25,24,166,56,55,36,33,116,121,123,199,79,80,65,66,53,97,96,94,67,62,63,148,30,173,86,87,93,73,61,107,103,101,109,85,54,17,15,10,77,16,5,163,192,196,88,84,78,74,68,99,100,76,49,18,157,165,58,130,135,27,140,131,168,206,29,126,128,194,95,91,59,75,69,19,37,35,11,44,60,57,14,13,4,3,132,137,133,138,203,92,208,22,41
0.90,20,39,40,41,52,12,6,7,2,1,156,131,113,103,117,193,141,149,169,51,49,30,46,109,179,127,178,129,138,136,47,48,105,106,84,90,154,199,82,200,83,73,71,72,27,209,121,162,186,187,185,122,25,203,195,91,204,180,181,182,183,184,143,115,114,112,152,151,202,197,111,107,145,146,147,191,148,190,144,192,158,189,35,155,163,173,174,176,22,43,32,33,177,65,99,8,9,44,53,116,161,188,120,124,126,166,207,153,119,157,160,164,171,172,206,24,23,168,57,56,37,34,118,123,125,201,80,81,66,67,54,98,97,95,68,63,64,150,29,175,87,88,94,74,62,108,104,102,110,86,55,17,15,10,78,16,5,165,194,198,89,85,79,75,69,100,101,77,50,18,159,167,59,132,137,26,142,133,170,208,28,128,130,196,96,92,60,76,70,19,38,36,11,45,61,58,14,13,4,3,134,139,135,140,205,93,31,21,42
0.91,20,44,45,46,57,12,6,7,2,1,161,136,118,108,122,198,146,154,174,56,54,30,51,114,184,132,183,134,143,141,52,53,110,111,89,95,159,204,87,205,88,78,76,77,27,32,126,167,191,192,190,127,25,208,200,96,209,185,186,187,188,189,148,120,119,117,157,156,207,202,116,112,150,151,152,196,153,195,149,197,163,194,40,160,168,178,179,181,22,48,37,38,182,70,104,8,9,49,58,121,166,193,125,129,131,171,34,158,124,162,165,169,176,177,35,24,23,173,62,61,42,39,123,128,130,206,85,86,71,72,59,103,102,100,73,68,69,155,29,180,92,93,99,79,67,113,109,107,115,91,60,17,15,10,83,16,5,170,199,203,94,90,84,80,74,105,106,82,55,18,164,172,64,137,142,26,147,138,175,33,28,133,135,201,101,97,65,81,75,19,43,41,11,50,66,63,14,13,4,3,139,144,140,145,36,98,31,21,47
0.92,23,48,49,50,61,12,6,7,2,1,165,140,122,112,126,202,150,158,178,60,58,33,55,118,188,136,187,138,147,145,56,57,114,115,93,99,163,20,91,21,92,82,80,81,30,35,130,171,195,196,194,131,28,209,204,100,40,189,190,191,192,193,152,124,123,121,161,160,208,206,120,116,154,155,156,200,157,199,153,201,167,198,44,164,172,182,183,185,25,52,41,42,186,74,108,8,9,53,62,125,170,197,129,133,135,175,37,162,128,166,169,173,180,181,38,27,26,177,66,65,46,43,127,132,134,22,89,90,75,76,63,107,106,104,77,72,73,159,32,184,96,97,103,83,71,117,113,111,119,95,64,17,15,10,87,16,5,174,203,207,98,94,88,84,78,109,110,86,59,18,168,176,68,141,146,29,151,142,179,36,31,137,139,205,105,101,69,85,79,19,47,45,11,54,70,67,14,13,4,3,143,148,144,149,39,102,34,24,51
0.93,25,52,53,54,65,12,6,7,2,1,169,144,126,116,130,20,154,162,182,64,62,36,59,122,192,140,191,142,151,149,60,61,118,119,97,103,167,22,95,23,96,86,84,85,33,38,134,175,199,200,198,135,31,44,207,104,43,193,194,195,196,197,156,128,127,125,165,164,27,209,124,120,158,159,160,204,161,203,157,205,171,202,48,168,176,186,187,189,28,56,45,46,190,78,112,8,9,57,66,129,174,201,133,137,139,179,40,166,132,170,173,177,184,185,41,30,29,181,70,69,50,47,131,136,138,24,93,94,79,80,67,111,110,108,81,76,77,163,35,188,100,101,107,87,75,121,117,115,123,99,68,17,15,10,91,16,5,178,206,21,102,98,92,88,82,113,114,90,63,18,172,180,72,145,150,32,155,146,183,39,34,141,143,208,109,105,73,89,83,19,51,49,11,58,74,71,14,13,4,3,147,152,148,153,42,106,37,26,55
0.94,28,55,56,57,68,12,6,7,2,1,172,147,129,119,133,21,157,165,185,67,65,39,62,125,195,143,194,145,154,152,63,64,121,122,100,106,170,25,98,26,99,89,87,88,36,41,137,178,202,203,201,138,34,47,209,107,46,196,197,198,199,200,159,131,130,128,168,167,30,23,127,123,161,162,163,207,164,206,160,20,174,205,51,171,179,189,190,192,31,59,48,49,193,81,115,8,9,60,69,132,177,204,136,140,142,182,43,169,135,173,176,180,187,188,44,33,32,184,73,72,53,50,134,139,141,27,96,97,82,83,70,114,113,111,84,79,80,166,38,191,103,104,110,90,78,124,120,118,126,102,71,17,15,10,94,16,5,181,208,24,105,101,95,91,85,116,117,93,66,18,175,183,75,148,153,35,158,149,186,42,37,144,146,22,112,108,76,92,86,19,54,52,11,61,77,74,14,13,4,3,150,155,151,156,45,109,40,29,58
0.95,31,58,59,60,71,12,6,7,2,1,175,150,132,122,136,23,160,168,188,70,68,42,65,128,198,146,197,148,157,155,66,67,124,125,103,109,173,28,101,29,102,92,90,91,39,44,140,181,205,206,204,141,37,50,24,110,49,199,200,201,202,203,162,134,133,131,171,170,33,26,130,126,164,165,166,21,167,20,163,22,177,208,54,174,182,192,193,195,34,62,51,52,196,84,118,8,9,63,72,135,180,207,139,143,145,185,46,172,138,176,179,183,190,191,47,36,35,187,76,75,56,53,137,142,144,30,99,100,85,86,73,117,116,114,87,82,83,169,41,194,106,107,113,93,81,127,123,121,129,105,74,17,15,10,97,16,5,184,209,27,108,104,98,94,88,119,120,96,69,18,178,186,78,151,156,38,161,152,189,45,40,147,149,25,115,111,79,95,89,19,57,55,11,64,80,77,14,13,4,3,153,158,154,159,48,112,43,32,61
0.96,32,59,60,61,72,12,6,7,2,1,176,151,133,123,137,23,161,169,189,71,69,43,66,129,199,147,198,149,158,156,67,68,125,126,104,110,174,29,102,30,103,93,91,92,40,45,141,182,206,207,205,142,38,51,25,111,50,200,201,202,203,204,163,135,134,132,172,171,34,27,131,127,165,166,167,21,168,20,164,22,178,209,55,175,183,193,194,196,35,63,52,53,197,85,119,8,9,64,73,136,181,208,140,144,146,186,47,173,139,177,180,184,191,192,48,37,36,188,77,76,57,54,138,143,145,31,100,101,86,87,74,118,117,115,88,83,84,170,42,195,107,108,114,94,82,128,124,122,130,106,75,17,15,10,98,16,5,185,24,28,109,105,99,95,89,120,121,97,70,18,179,187,79,152,157,39,162,153,190,46,41,148,150,26,116,112,80,96,90,19,58,56,11,65,81,78,14,13,4,3,154,159,155,160,49,113,44,33,62
0.97,34,61,62,63,74,12,6,7,2,1,178,153,135,125,139,25,163,171,191,73,71,45,68,131,201,149,200,151,160,158,69,70,127,128,106,112,176,31,104,32,105,95,93,94,42,47,143,184,208,209,207,144,40,53,27,113,52,202,203,204,205,206,165,137,136,134,174,173,36,29,133,129,167,168,169,23,170,22,166,24,180,21,57,177,185,195,196,198,37,65,54,55,199,87,121,8,9,66,75,138,183,20,142,146,148,188,49,175,141,179,182,186,193,194,50,39,38,190,79,78,59,56,140,145,147,33,102,103,88,89,76,120,119,117,90,85,86,172,44,197,109,110,116,96,84,130,126,124,132,108,77,17,15,10,100,16,5,187,26,30,111,107,101,97,91,122,123,99,72,18,181,189,81,154,159,41,164,155,192,48,43,150,152,28,118,114,82,98,92,19,60,58,11,67,83,80,14,13,4,3,156,161,157,162,51,115,46,35,64
0.98,52,79,80,81,92,12,6,7,2,1,195,171,153,143,157,43,181,189,208,91,89,63,86,149,29,167,209,169,178,176,87,88,145,146,124,130,20,49,122,50,123,113,111,112,60,65,161,201,36,37,35,162,58,71,45,131,70,30,31,32,33,34,183,155,154,152,192,191,54,47,151,147,185,186,187,41,188,40,184,42,197,39,75,194,202,24,25,27,55,83,72,73,28,105,139,8,9,84,93,156,200,38,160,164,166,205,67,193,159,196,199,203,22,23,68,57,56,207,97,96,77,74,158,163,165,51,120,121,106,107,94,138,137,135,108,103,104,190,62,26,127,128,134,114,102,148,144,142,150,126,95,17,15,10,118,16,5,204,44,48,129,125,119,115,109,140,141,117,90,18,198,206,99,172,177,59,182,173,21,66,61,168,170,46,136,132,100,116,110,19,78,76,11,85,101,98,14,13,4,3,174,179,175,180,69,133,64,53,82
0.99,70,97,98,99,110,12,6,7,2,1,24,189,171,161,175,61,199,207,37,109,107,81,104,167,47,185,46,187,196,194,105,106,163,164,142,148,23,67,140,68,141,131,129,130,78,83,179,30,54,55,53,180,76,89,63,149,88,48,49,50,51,52,201,173,172,170,22,21,72,65,169,165,203,204,205,59,206,58,202,60,26,57,93,209,31,41,42,44,73,101,90,91,45,123,157,8,9,102,111,174,29,56,178,182,184,34,85,208,177,25,28,32,39,40,86,75,74,36,115,114,95,92,176,181,183,69,138,139,124,125,112,156,155,153,126,121,122,20,80,43,145,146,152,132,120,166,162,160,168,144,113,17,15,10,136,16,5,33,62,66,147,143,137,133,127,158,159,135,108,18,27,35,117,190,195,77,200,191,38,84,79,186,188,64,154,150,118,134,128,19,96,94,11,103,119,116,14,13,4,3,192,197,193,198,87,151,82,71,100
1.0,79,106,107,108,119,12,6,7,2,1,33,198,180,170,184,70,208,26,46,118,116,90,113,176,56,194,55,196,205,203,114,115,172,173,151,157,30,76,149,77,150,140,138,139,87,92,188,39,63,64,62,189,85,98,72,158,97,57,58,59,60,61,20,182,181,179,29,28,81,74,178,174,22,23,24,68,25,67,21,69,35,66,102,32,40,50,51,53,82,110,99,100,54,132,166,8,9,111,120,183,38,65,187,191,193,43,94,31,186,34,37,41,48,49,95,84,83,45,124,123,104,101,185,190,192,78,147,148,133,134,121,165,164,162,135,130,131,27,89,52,154,155,161,141,129,175,171,169,177,153,122,17,15,10,145,16,5,42,71,75,156,152,146,142,136,167,168,144,117,18,36,44,126,199,204,86,209,200,47,93,88,195,197,73,163,159,127,143,137,19,105,103,11,112,128,125,14,13,4,3,201,206,202,207,96,160,91,80,109
